-- phpMyAdmin SQL Dump
-- version 4.5.1
-- http://www.phpmyadmin.net
--
-- Host: 127.0.0.1
-- Generation Time: Feb 24, 2017 at 11:13 PM
-- Server version: 10.1.16-MariaDB
-- PHP Version: 7.0.9

SET SQL_MODE = "NO_AUTO_VALUE_ON_ZERO";
SET time_zone = "+00:00";


/*!40101 SET @OLD_CHARACTER_SET_CLIENT=@@CHARACTER_SET_CLIENT */;
/*!40101 SET @OLD_CHARACTER_SET_RESULTS=@@CHARACTER_SET_RESULTS */;
/*!40101 SET @OLD_COLLATION_CONNECTION=@@COLLATION_CONNECTION */;
/*!40101 SET NAMES utf8mb4 */;

--
-- Database: `fokus`
--

-- --------------------------------------------------------

--
-- Table structure for table `golongans`
--

CREATE TABLE `golongans` (
  `id` int(10) UNSIGNED NOT NULL,
  `kode_golongan` varchar(255) COLLATE utf8_unicode_ci NOT NULL,
  `nama_golongan` varchar(255) COLLATE utf8_unicode_ci NOT NULL,
  `besaran_uang` int(11) NOT NULL,
  `created_at` timestamp NULL DEFAULT NULL,
  `updated_at` timestamp NULL DEFAULT NULL
) ENGINE=InnoDB DEFAULT CHARSET=utf8 COLLATE=utf8_unicode_ci;

--
-- Dumping data for table `golongans`
--

INSERT INTO `golongans` (`id`, `kode_golongan`, `nama_golongan`, `besaran_uang`, `created_at`, `updated_at`) VALUES
(1, '111', 'G1', 3000, '2017-02-24 07:00:56', '2017-02-24 14:08:07'),
(2, '222', 'G2', 2000, '2017-02-24 07:01:18', '2017-02-24 07:01:18'),
(3, '333', 'G3', 1000, '2017-02-24 14:08:28', '2017-02-24 14:08:28');

-- --------------------------------------------------------

--
-- Table structure for table `jabatans`
--

CREATE TABLE `jabatans` (
  `id` int(10) UNSIGNED NOT NULL,
  `kode_jabatan` varchar(255) COLLATE utf8_unicode_ci NOT NULL,
  `nama_jabatan` varchar(255) COLLATE utf8_unicode_ci NOT NULL,
  `besaran_uang` int(11) NOT NULL,
  `created_at` timestamp NULL DEFAULT NULL,
  `updated_at` timestamp NULL DEFAULT NULL
) ENGINE=InnoDB DEFAULT CHARSET=utf8 COLLATE=utf8_unicode_ci;

--
-- Dumping data for table `jabatans`
--

INSERT INTO `jabatans` (`id`, `kode_jabatan`, `nama_jabatan`, `besaran_uang`, `created_at`, `updated_at`) VALUES
(1, '111', 'direktur', 1000, '2017-02-24 07:01:39', '2017-02-24 07:01:39'),
(2, '1000', 'manager', 2000, '2017-02-24 07:02:09', '2017-02-24 07:02:09'),
(3, '333', 'pegawai', 3000, '2017-02-24 14:11:59', '2017-02-24 14:11:59');

-- --------------------------------------------------------

--
-- Table structure for table `kategori_lemburs`
--

CREATE TABLE `kategori_lemburs` (
  `id` int(10) UNSIGNED NOT NULL,
  `kode_lembur` varchar(255) COLLATE utf8_unicode_ci NOT NULL,
  `id_jabatan` int(10) UNSIGNED DEFAULT NULL,
  `id_golongan` int(10) UNSIGNED DEFAULT NULL,
  `besaran_uang` int(11) NOT NULL,
  `created_at` timestamp NULL DEFAULT NULL,
  `updated_at` timestamp NULL DEFAULT NULL
) ENGINE=InnoDB DEFAULT CHARSET=utf8 COLLATE=utf8_unicode_ci;

--
-- Dumping data for table `kategori_lemburs`
--

INSERT INTO `kategori_lemburs` (`id`, `kode_lembur`, `id_jabatan`, `id_golongan`, `besaran_uang`, `created_at`, `updated_at`) VALUES
(1, '111', 1, 1, 50000, '2017-02-24 07:16:17', '2017-02-24 14:13:15'),
(2, '222', 2, 2, 30000, '2017-02-24 14:13:36', '2017-02-24 14:13:36'),
(3, '333', 3, 3, 20000, '2017-02-24 14:13:54', '2017-02-24 14:13:54');

-- --------------------------------------------------------

--
-- Table structure for table `lembur_pegawais`
--

CREATE TABLE `lembur_pegawais` (
  `id` int(10) UNSIGNED NOT NULL,
  `kode_lembur_id` int(10) UNSIGNED DEFAULT NULL,
  `id_pegawai` int(10) UNSIGNED DEFAULT NULL,
  `jumlah_jam` int(11) NOT NULL,
  `created_at` timestamp NULL DEFAULT NULL,
  `updated_at` timestamp NULL DEFAULT NULL
) ENGINE=InnoDB DEFAULT CHARSET=utf8 COLLATE=utf8_unicode_ci;

--
-- Dumping data for table `lembur_pegawais`
--

INSERT INTO `lembur_pegawais` (`id`, `kode_lembur_id`, `id_pegawai`, `jumlah_jam`, `created_at`, `updated_at`) VALUES
(1, 1, 1, 1000, '2017-02-24 07:17:09', '2017-02-24 07:17:09'),
(2, 2, 2, 4, '2017-02-24 14:14:35', '2017-02-24 14:14:35'),
(3, 3, 3, 3, '2017-02-24 14:15:28', '2017-02-24 14:15:28');

-- --------------------------------------------------------

--
-- Table structure for table `migrations`
--

CREATE TABLE `migrations` (
  `id` int(10) UNSIGNED NOT NULL,
  `migration` varchar(255) COLLATE utf8_unicode_ci NOT NULL,
  `batch` int(11) NOT NULL
) ENGINE=InnoDB DEFAULT CHARSET=utf8 COLLATE=utf8_unicode_ci;

--
-- Dumping data for table `migrations`
--

INSERT INTO `migrations` (`id`, `migration`, `batch`) VALUES
(1, '2014_10_12_000000_create_users_table', 1),
(2, '2014_10_12_100000_create_password_resets_table', 1),
(3, '2017_01_30_090545_create_jabatans_table', 1),
(4, '2017_01_30_090558_create_golongans_table', 1),
(5, '2017_01_30_092210_create_tunjangans_table', 1),
(6, '2017_01_30_093930_create_pegawais_table', 1),
(7, '2017_01_30_100549_create_kategori_lemburs_table', 1),
(8, '2017_01_30_101402_create_lembur_pegawais_table', 1),
(9, '2017_01_30_103331_create_tunjangan_pegawais_table', 1),
(10, '2017_01_30_103649_create_penggajians_table', 1);

-- --------------------------------------------------------

--
-- Table structure for table `password_resets`
--

CREATE TABLE `password_resets` (
  `email` varchar(255) COLLATE utf8_unicode_ci NOT NULL,
  `token` varchar(255) COLLATE utf8_unicode_ci NOT NULL,
  `created_at` timestamp NULL DEFAULT NULL
) ENGINE=InnoDB DEFAULT CHARSET=utf8 COLLATE=utf8_unicode_ci;

-- --------------------------------------------------------

--
-- Table structure for table `pegawais`
--

CREATE TABLE `pegawais` (
  `id` int(10) UNSIGNED NOT NULL,
  `nip` varchar(255) COLLATE utf8_unicode_ci NOT NULL,
  `id_user` int(10) UNSIGNED DEFAULT NULL,
  `id_jabatan` int(10) UNSIGNED DEFAULT NULL,
  `id_golongan` int(10) UNSIGNED DEFAULT NULL,
  `foto` varchar(255) COLLATE utf8_unicode_ci NOT NULL,
  `created_at` timestamp NULL DEFAULT NULL,
  `updated_at` timestamp NULL DEFAULT NULL
) ENGINE=InnoDB DEFAULT CHARSET=utf8 COLLATE=utf8_unicode_ci;

--
-- Dumping data for table `pegawais`
--

INSERT INTO `pegawais` (`id`, `nip`, `id_user`, `id_jabatan`, `id_golongan`, `foto`, `created_at`, `updated_at`) VALUES
(1, '123', 1, 1, 1, 'Jaelani_images.jpeg', '2017-02-24 07:02:54', '2017-02-24 14:10:35'),
(2, '555', 2, 2, 1, 'Bondan_CGiyMnZm_400x400.jpeg', '2017-02-24 07:22:54', '2017-02-24 14:34:48'),
(3, '114415', 7, 3, 3, '300x300.jpg', '2017-02-24 14:12:38', '2017-02-24 14:12:38');

-- --------------------------------------------------------

--
-- Table structure for table `penggajians`
--

CREATE TABLE `penggajians` (
  `id` int(10) UNSIGNED NOT NULL,
  `tunjangan_pegawai_id` int(10) UNSIGNED DEFAULT NULL,
  `jumlah_uang_lembur` int(11) NOT NULL,
  `gaji_pokok` int(11) NOT NULL,
  `tanggal_pengambilan` date NOT NULL,
  `status_pengambilan` tinyint(1) NOT NULL DEFAULT '0',
  `petugas_penerima` varchar(255) COLLATE utf8_unicode_ci NOT NULL,
  `created_at` timestamp NULL DEFAULT NULL,
  `updated_at` timestamp NULL DEFAULT NULL
) ENGINE=InnoDB DEFAULT CHARSET=utf8 COLLATE=utf8_unicode_ci;

-- --------------------------------------------------------

--
-- Table structure for table `tunjangans`
--

CREATE TABLE `tunjangans` (
  `id` int(10) UNSIGNED NOT NULL,
  `kode_tunjangan` varchar(255) COLLATE utf8_unicode_ci NOT NULL,
  `id_jabatan` int(10) UNSIGNED DEFAULT NULL,
  `id_golongan` int(10) UNSIGNED DEFAULT NULL,
  `status` varchar(255) COLLATE utf8_unicode_ci NOT NULL,
  `jumlah_anak` int(11) NOT NULL,
  `besaran_uang` int(11) NOT NULL,
  `created_at` timestamp NULL DEFAULT NULL,
  `updated_at` timestamp NULL DEFAULT NULL
) ENGINE=InnoDB DEFAULT CHARSET=utf8 COLLATE=utf8_unicode_ci;

--
-- Dumping data for table `tunjangans`
--

INSERT INTO `tunjangans` (`id`, `kode_tunjangan`, `id_jabatan`, `id_golongan`, `status`, `jumlah_anak`, `besaran_uang`, `created_at`, `updated_at`) VALUES
(1, '1111', 1, 1, 'kawin', 1000, 1000, '2017-02-24 07:17:23', '2017-02-24 07:17:23'),
(2, '222', 2, 2, 'Lajang', 3, 30000, '2017-02-24 14:16:59', '2017-02-24 14:16:59'),
(3, '333', 3, 3, 'Lajang', 2, 20000, '2017-02-24 14:17:23', '2017-02-24 14:17:23');

-- --------------------------------------------------------

--
-- Table structure for table `tunjangan_pegawais`
--

CREATE TABLE `tunjangan_pegawais` (
  `id` int(10) UNSIGNED NOT NULL,
  `kode_tunjangan_id` int(10) UNSIGNED DEFAULT NULL,
  `id_pegawai` int(10) UNSIGNED DEFAULT NULL,
  `created_at` timestamp NULL DEFAULT NULL,
  `updated_at` timestamp NULL DEFAULT NULL
) ENGINE=InnoDB DEFAULT CHARSET=utf8 COLLATE=utf8_unicode_ci;

--
-- Dumping data for table `tunjangan_pegawais`
--

INSERT INTO `tunjangan_pegawais` (`id`, `kode_tunjangan_id`, `id_pegawai`, `created_at`, `updated_at`) VALUES
(1, 1, 1, '2017-02-24 07:17:45', '2017-02-24 07:17:45'),
(3, 2, 2, '2017-02-24 14:18:17', '2017-02-24 14:18:17'),
(4, 3, 3, '2017-02-24 14:18:33', '2017-02-24 14:18:33');

-- --------------------------------------------------------

--
-- Table structure for table `users`
--

CREATE TABLE `users` (
  `id` int(10) UNSIGNED NOT NULL,
  `name` varchar(255) COLLATE utf8_unicode_ci NOT NULL,
  `email` varchar(255) COLLATE utf8_unicode_ci NOT NULL,
  `password` varchar(255) COLLATE utf8_unicode_ci NOT NULL,
  `permission` varchar(255) COLLATE utf8_unicode_ci NOT NULL,
  `remember_token` varchar(100) COLLATE utf8_unicode_ci DEFAULT NULL,
  `created_at` timestamp NULL DEFAULT NULL,
  `updated_at` timestamp NULL DEFAULT NULL
) ENGINE=InnoDB DEFAULT CHARSET=utf8 COLLATE=utf8_unicode_ci;

--
-- Dumping data for table `users`
--

INSERT INTO `users` (`id`, `name`, `email`, `password`, `permission`, `remember_token`, `created_at`, `updated_at`) VALUES
(1, 'Jaelani', 'jaelani@gmail.com', '$2y$10$V1IAyCy1Jl/glP3I4ZyQouR2wCaHb61F.Y2lH.CjuI1F5qcsCJJOu', 'Pegawai', 'suI0g4WmmkLpNsHrdS7kESaNFdx0xt0lZ4tArS3wHVhisPXNifNMaLtKTZeW', '2017-02-24 07:02:54', '2017-02-24 14:35:07'),
(2, 'Bondan', 'CAANG@gmail.com', '$2y$10$TEC7TxoBKmxZtPxVzv0AXud1t4L5mCn65v30igQnWzZbRk5SKlsee', 'Hrd', 'j8CSMVHHgCsA9ZyEA0QjzLdTlVb8CbnutKV429VvSSn4De2AIx1GlPClghIn', '2017-02-24 07:22:53', '2017-02-24 14:56:16'),
(3, '', '', '$2y$10$vCMogA3WepVF5pb6CqhRneJBEy9nP0UROuZf/oPARf1NtyJAY0hFO', '', NULL, '2017-02-24 07:25:07', '2017-02-24 07:25:07'),
(7, 'dani', 'dani@gmail.com', '$2y$10$Lj05F48tEIa88mk/LrCns.4f0Ukoz91Dk5ChwzadeR5BPPygBZF7m', 'Pegawai', NULL, '2017-02-24 14:12:38', '2017-02-24 14:12:38');

--
-- Indexes for dumped tables
--

--
-- Indexes for table `golongans`
--
ALTER TABLE `golongans`
  ADD PRIMARY KEY (`id`);

--
-- Indexes for table `jabatans`
--
ALTER TABLE `jabatans`
  ADD PRIMARY KEY (`id`),
  ADD UNIQUE KEY `jabatans_kode_jabatan_unique` (`kode_jabatan`);

--
-- Indexes for table `kategori_lemburs`
--
ALTER TABLE `kategori_lemburs`
  ADD PRIMARY KEY (`id`),
  ADD UNIQUE KEY `kategori_lemburs_kode_lembur_unique` (`kode_lembur`),
  ADD KEY `kategori_lemburs_id_jabatan_foreign` (`id_jabatan`),
  ADD KEY `kategori_lemburs_id_golongan_foreign` (`id_golongan`);

--
-- Indexes for table `lembur_pegawais`
--
ALTER TABLE `lembur_pegawais`
  ADD PRIMARY KEY (`id`),
  ADD KEY `lembur_pegawais_kode_lembur_id_foreign` (`kode_lembur_id`),
  ADD KEY `lembur_pegawais_id_pegawai_foreign` (`id_pegawai`);

--
-- Indexes for table `migrations`
--
ALTER TABLE `migrations`
  ADD PRIMARY KEY (`id`);

--
-- Indexes for table `password_resets`
--
ALTER TABLE `password_resets`
  ADD KEY `password_resets_email_index` (`email`),
  ADD KEY `password_resets_token_index` (`token`);

--
-- Indexes for table `pegawais`
--
ALTER TABLE `pegawais`
  ADD PRIMARY KEY (`id`),
  ADD UNIQUE KEY `pegawais_nip_unique` (`nip`),
  ADD KEY `pegawais_id_user_foreign` (`id_user`),
  ADD KEY `pegawais_id_jabatan_foreign` (`id_jabatan`),
  ADD KEY `pegawais_id_golongan_foreign` (`id_golongan`);

--
-- Indexes for table `penggajians`
--
ALTER TABLE `penggajians`
  ADD PRIMARY KEY (`id`),
  ADD KEY `penggajians_tunjangan_pegawai_id_foreign` (`tunjangan_pegawai_id`);

--
-- Indexes for table `tunjangans`
--
ALTER TABLE `tunjangans`
  ADD PRIMARY KEY (`id`),
  ADD UNIQUE KEY `tunjangans_kode_tunjangan_unique` (`kode_tunjangan`),
  ADD KEY `tunjangans_id_jabatan_foreign` (`id_jabatan`),
  ADD KEY `tunjangans_id_golongan_foreign` (`id_golongan`);

--
-- Indexes for table `tunjangan_pegawais`
--
ALTER TABLE `tunjangan_pegawais`
  ADD PRIMARY KEY (`id`),
  ADD KEY `tunjangan_pegawais_kode_tunjangan_id_foreign` (`kode_tunjangan_id`),
  ADD KEY `tunjangan_pegawais_id_pegawai_foreign` (`id_pegawai`);

--
-- Indexes for table `users`
--
ALTER TABLE `users`
  ADD PRIMARY KEY (`id`),
  ADD UNIQUE KEY `users_email_unique` (`email`);

--
-- AUTO_INCREMENT for dumped tables
--

--
-- AUTO_INCREMENT for table `golongans`
--
ALTER TABLE `golongans`
  MODIFY `id` int(10) UNSIGNED NOT NULL AUTO_INCREMENT, AUTO_INCREMENT=4;
--
-- AUTO_INCREMENT for table `jabatans`
--
ALTER TABLE `jabatans`
  MODIFY `id` int(10) UNSIGNED NOT NULL AUTO_INCREMENT, AUTO_INCREMENT=4;
--
-- AUTO_INCREMENT for table `kategori_lemburs`
--
ALTER TABLE `kategori_lemburs`
  MODIFY `id` int(10) UNSIGNED NOT NULL AUTO_INCREMENT, AUTO_INCREMENT=4;
--
-- AUTO_INCREMENT for table `lembur_pegawais`
--
ALTER TABLE `lembur_pegawais`
  MODIFY `id` int(10) UNSIGNED NOT NULL AUTO_INCREMENT, AUTO_INCREMENT=4;
--
-- AUTO_INCREMENT for table `migrations`
--
ALTER TABLE `migrations`
  MODIFY `id` int(10) UNSIGNED NOT NULL AUTO_INCREMENT, AUTO_INCREMENT=11;
--
-- AUTO_INCREMENT for table `pegawais`
--
ALTER TABLE `pegawais`
  MODIFY `id` int(10) UNSIGNED NOT NULL AUTO_INCREMENT, AUTO_INCREMENT=4;
--
-- AUTO_INCREMENT for table `penggajians`
--
ALTER TABLE `penggajians`
  MODIFY `id` int(10) UNSIGNED NOT NULL AUTO_INCREMENT;
--
-- AUTO_INCREMENT for table `tunjangans`
--
ALTER TABLE `tunjangans`
  MODIFY `id` int(10) UNSIGNED NOT NULL AUTO_INCREMENT, AUTO_INCREMENT=4;
--
-- AUTO_INCREMENT for table `tunjangan_pegawais`
--
ALTER TABLE `tunjangan_pegawais`
  MODIFY `id` int(10) UNSIGNED NOT NULL AUTO_INCREMENT, AUTO_INCREMENT=5;
--
-- AUTO_INCREMENT for table `users`
--
ALTER TABLE `users`
  MODIFY `id` int(10) UNSIGNED NOT NULL AUTO_INCREMENT, AUTO_INCREMENT=8;
--
-- Constraints for dumped tables
--

--
-- Constraints for table `kategori_lemburs`
--
ALTER TABLE `kategori_lemburs`
  ADD CONSTRAINT `kategori_lemburs_id_golongan_foreign` FOREIGN KEY (`id_golongan`) REFERENCES `golongans` (`id`) ON DELETE CASCADE ON UPDATE CASCADE,
  ADD CONSTRAINT `kategori_lemburs_id_jabatan_foreign` FOREIGN KEY (`id_jabatan`) REFERENCES `jabatans` (`id`) ON DELETE CASCADE ON UPDATE CASCADE;

--
-- Constraints for table `lembur_pegawais`
--
ALTER TABLE `lembur_pegawais`
  ADD CONSTRAINT `lembur_pegawais_id_pegawai_foreign` FOREIGN KEY (`id_pegawai`) REFERENCES `pegawais` (`id`) ON DELETE CASCADE ON UPDATE CASCADE,
  ADD CONSTRAINT `lembur_pegawais_kode_lembur_id_foreign` FOREIGN KEY (`kode_lembur_id`) REFERENCES `kategori_lemburs` (`id`) ON DELETE CASCADE ON UPDATE CASCADE;

--
-- Constraints for table `pegawais`
--
ALTER TABLE `pegawais`
  ADD CONSTRAINT `pegawais_id_golongan_foreign` FOREIGN KEY (`id_golongan`) REFERENCES `golongans` (`id`) ON DELETE CASCADE ON UPDATE CASCADE,
  ADD CONSTRAINT `pegawais_id_jabatan_foreign` FOREIGN KEY (`id_jabatan`) REFERENCES `jabatans` (`id`) ON DELETE CASCADE ON UPDATE CASCADE,
  ADD CONSTRAINT `pegawais_id_user_foreign` FOREIGN KEY (`id_user`) REFERENCES `users` (`id`) ON DELETE CASCADE ON UPDATE CASCADE;

--
-- Constraints for table `penggajians`
--
ALTER TABLE `penggajians`
  ADD CONSTRAINT `penggajians_tunjangan_pegawai_id_foreign` FOREIGN KEY (`tunjangan_pegawai_id`) REFERENCES `tunjangan_pegawais` (`id`) ON DELETE CASCADE ON UPDATE CASCADE;

--
-- Constraints for table `tunjangans`
--
ALTER TABLE `tunjangans`
  ADD CONSTRAINT `tunjangans_id_golongan_foreign` FOREIGN KEY (`id_golongan`) REFERENCES `golongans` (`id`) ON DELETE CASCADE ON UPDATE CASCADE,
  ADD CONSTRAINT `tunjangans_id_jabatan_foreign` FOREIGN KEY (`id_jabatan`) REFERENCES `jabatans` (`id`) ON DELETE CASCADE ON UPDATE CASCADE;

--
-- Constraints for table `tunjangan_pegawais`
--
ALTER TABLE `tunjangan_pegawais`
  ADD CONSTRAINT `tunjangan_pegawais_id_pegawai_foreign` FOREIGN KEY (`id_pegawai`) REFERENCES `pegawais` (`id`) ON DELETE CASCADE ON UPDATE CASCADE,
  ADD CONSTRAINT `tunjangan_pegawais_kode_tunjangan_id_foreign` FOREIGN KEY (`kode_tunjangan_id`) REFERENCES `tunjangans` (`id`) ON DELETE CASCADE ON UPDATE CASCADE;

/*!40101 SET CHARACTER_SET_CLIENT=@OLD_CHARACTER_SET_CLIENT */;
/*!40101 SET CHARACTER_SET_RESULTS=@OLD_CHARACTER_SET_RESULTS */;
/*!40101 SET COLLATION_CONNECTION=@OLD_COLLATION_CONNECTION */;
